Application,Graph,GPUs,Runtime (ms)
Groute,kron21.sym,1,5335.15033333333333333333
Groute,kron21.sym,2,4282.58566666666666666666
Groute,kron21.sym,3,5639.22433333333333333333
Groute,kron21.sym,4,6193.85733333333333333333
Groute,kron21.sym,5,5282.25533333333333333333
Groute,kron21.sym,6,6480.87433333333333333333
Groute,kron21.sym,7,7866.03233333333333333333
Groute,kron21.sym,8,7743.77266666666666666666
Groute,OSM-eur-k,1,10775.21833333333333333333
Groute,OSM-eur-k,2,3392.50600000000000000000
Groute,OSM-eur-k,3,2278.67666666666666666666
Groute,OSM-eur-k,4,1899.82600000000000000000
Groute,OSM-eur-k,5,1613.69333333333333333333
Groute,OSM-eur-k,6,1512.51433333333333333333
Groute,OSM-eur-k,7,1188.88666666666666666666
Groute,OSM-eur-k,8,1046.58200000000000000000
Groute,soc-LiveJournal1,1,1134.84966666666666666666
Groute,soc-LiveJournal1,2,593.52533333333333333333
Groute,soc-LiveJournal1,3,455.87266666666666666666
Groute,soc-LiveJournal1,4,376.50466666666666666666
Groute,soc-LiveJournal1,5,365.32866666666666666666
Groute,soc-LiveJournal1,6,438.25566666666666666666
Groute,soc-LiveJournal1,7,498.39800000000000000000
Groute,soc-LiveJournal1,8,659.99800000000000000000
Groute,twitter,1,FAIL
Groute,twitter,2,38321.66300000000000000000
Groute,twitter,3,46324.69033333333333333333
Groute,twitter,4,47257.58166666666666666666
Groute,twitter,5,40754.14300000000000000000
Groute,twitter,6,42017.54466666666666666666
Groute,twitter,7,44265.56300000000000000000
Groute,twitter,8,47533.91833333333333333333
Groute,USA,1,1241.82233333333333333333
Groute,USA,2,621.63233333333333333333
Groute,USA,3,419.25133333333333333333
Groute,USA,4,317.94666666666666666666
Groute,USA,5,256.87633333333333333333
Groute,USA,6,212.58866666666666666666
Groute,USA,7,185.48933333333333333333
Groute,USA,8,164.87100000000000000000
Gunrock,kron21.sym,1,9801.00390000000000000000
Gunrock,OSM-eur-k,1,FAIL
Gunrock,soc-LiveJournal1,1,2782.24460000000000000000
Gunrock,twitter,1,FAIL
Gunrock,USA,1,1394.38223333333333333333
