Application,Graph,GPUs,Runtime (ms)
Groute,kron21.sym,1,196.88766666666666666666
Groute,kron21.sym,2,101.72033333333333333333
Groute,kron21.sym,3,71.27200000000000000000
Groute,kron21.sym,4,57.60133333333333333333
Groute,kron21.sym,5,48.43133333333333333333
Groute,kron21.sym,6,43.48800000000000000000
Groute,kron21.sym,7,41.37866666666666666666
Groute,kron21.sym,8,51.45200000000000000000
Groute,OSM-eur-k,1,1763.68233333333333333333
Groute,OSM-eur-k,2,897.51000000000000000000
Groute,OSM-eur-k,3,743.58900000000000000000
Groute,OSM-eur-k,4,693.85133333333333333333
Groute,OSM-eur-k,5,605.64600000000000000000
Groute,OSM-eur-k,6,634.51666666666666666666
Groute,OSM-eur-k,7,628.30866666666666666666
Groute,OSM-eur-k,8,606.54300000000000000000
Groute,soc-LiveJournal1,1,81.90766666666666666666
Groute,soc-LiveJournal1,2,47.80833333333333333333
Groute,soc-LiveJournal1,3,31.88833333333333333333
Groute,soc-LiveJournal1,4,27.55333333333333333333
Groute,soc-LiveJournal1,5,26.55500000000000000000
Groute,soc-LiveJournal1,6,24.52000000000000000000
Groute,soc-LiveJournal1,7,31.07100000000000000000
Groute,soc-LiveJournal1,8,38.94233333333333333333
Groute,twitter,1,FAIL
Groute,twitter,2,2371.48800000000000000000
Groute,twitter,3,1436.02066666666666666666
Groute,twitter,4,1195.43200000000000000000
Groute,twitter,5,938.35333333333333333333
Groute,twitter,6,831.17266666666666666666
Groute,twitter,7,753.43600000000000000000
Groute,twitter,8,689.49666666666666666666
Groute,USA,1,138.32100000000000000000
Groute,USA,2,127.65633333333333333333
Groute,USA,3,133.77266666666666666666
Groute,USA,4,143.31400000000000000000
Groute,USA,5,157.84533333333333333333
Groute,USA,6,179.25233333333333333333
Groute,USA,7,208.25466666666666666666
Groute,USA,8,222.79933333333333333333
B40C,kron21.sym,1,TIMEOUT
B40C,kron21.sym,2,FAIL
B40C,kron21.sym,3,FAIL
B40C,kron21.sym,4,FAIL
B40C,OSM-eur-k,1,FAIL
B40C,OSM-eur-k,2,2177.1
B40C,OSM-eur-k,3,3081.919
B40C,OSM-eur-k,4,4590.401
B40C,soc-LiveJournal1,1,22.202
B40C,soc-LiveJournal1,2,17.512
B40C,soc-LiveJournal1,3,DIFF
B40C,soc-LiveJournal1,4,DIFF
B40C,twitter,1,FAIL
B40C,twitter,2,FAIL
B40C,twitter,3,FAIL
B40C,twitter,4,FAIL
B40C,USA,1,56.829
B40C,USA,2,512.595
B40C,USA,3,892.122
B40C,USA,4,1353.972
Gunrock,kron21.sym,1,278.79700000000000000000
Gunrock,kron21.sym,2,130.29106666666666666666
Gunrock,kron21.sym,3,151.77106666666666666666
Gunrock,kron21.sym,4,DIFF
Gunrock,kron21.sym,5,DIFF
Gunrock,kron21.sym,6,DIFF
Gunrock,kron21.sym,7,DIFF
Gunrock,kron21.sym,8,DIFF
Gunrock,OSM-eur-k,1,3169.74236666666666666666
Gunrock,OSM-eur-k,2,4561.07340000000000000000
Gunrock,OSM-eur-k,3,5177.94090000000000000000
Gunrock,OSM-eur-k,4,5701.19143333333333333333
Gunrock,OSM-eur-k,5,6390.73323333333333333333
Gunrock,OSM-eur-k,6,7071.69676666666666666666
Gunrock,OSM-eur-k,7,7884.98323333333333333333
Gunrock,OSM-eur-k,8,8785.80440000000000000000
Gunrock,soc-LiveJournal1,1,106.82676666666666666666
Gunrock,soc-LiveJournal1,2,84.93930000000000000000
Gunrock,soc-LiveJournal1,3,DIFF
Gunrock,soc-LiveJournal1,4,DIFF
Gunrock,soc-LiveJournal1,5,DIFF
Gunrock,soc-LiveJournal1,6,DIFF
Gunrock,soc-LiveJournal1,7,DIFF
Gunrock,soc-LiveJournal1,8,DIFF
Gunrock,twitter,1,DIFF
Gunrock,twitter,2,FAIL
Gunrock,twitter,3,DIFF
Gunrock,twitter,4,DIFF
Gunrock,twitter,5,DIFF
Gunrock,twitter,6,DIFF
Gunrock,twitter,7,FAIL
Gunrock,twitter,8,DIFF
Gunrock,USA,1,607.48473333333333333333
Gunrock,USA,2,1187.05593333333333333333
Gunrock,USA,3,1366.36630000000000000000
Gunrock,USA,4,1545.56973333333333333333
Gunrock,USA,5,1656.98700000000000000000
Gunrock,USA,6,1853.30466666666666666666
Gunrock,USA,7,1973.14296666666666666666
Gunrock,USA,8,2174.62523333333333333333