Application,Graph,GPUs,Runtime (ms)
Groute,kron21.sym,1,1274.28366666666666666666
Groute,kron21.sym,2,673.40866666666666666666
Groute,kron21.sym,3,470.01700000000000000000
Groute,kron21.sym,4,366.42566666666666666666
Groute,kron21.sym,5,301.89100000000000000000
Groute,kron21.sym,6,259.58333333333333333333
Groute,kron21.sym,7,238.65833333333333333333
Groute,kron21.sym,8,219.37833333333333333333
Groute,OSM-eur-k,1,10665.89033333333333333333
Groute,OSM-eur-k,2,4681.00466666666666666666
Groute,OSM-eur-k,3,4040.97266666666666666666
Groute,OSM-eur-k,4,3879.99400000000000000000
Groute,OSM-eur-k,5,3769.65400000000000000000
Groute,OSM-eur-k,6,3813.26966666666666666666
Groute,OSM-eur-k,7,3573.55200000000000000000
Groute,OSM-eur-k,8,3535.31100000000000000000
Groute,soc-LiveJournal1,1,101.59100000000000000000
Groute,soc-LiveJournal1,2,56.32000000000000000000
Groute,soc-LiveJournal1,3,44.30133333333333333333
Groute,soc-LiveJournal1,4,34.06833333333333333333
Groute,soc-LiveJournal1,5,32.16266666666666666666
Groute,soc-LiveJournal1,6,29.16600000000000000000
Groute,soc-LiveJournal1,7,36.09133333333333333333
Groute,soc-LiveJournal1,8,50.12166666666666666666
Groute,twitter,1,FAIL
Groute,twitter,2,FAIL
Groute,twitter,3,2546.66433333333333333333
Groute,twitter,4,1731.60933333333333333333
Groute,twitter,5,1244.29200000000000000000
Groute,twitter,6,912.04733333333333333333
Groute,twitter,7,707.88366666666666666666
Groute,twitter,8,601.38733333333333333333
Groute,USA,1,777.87466666666666666666
Groute,USA,2,733.54533333333333333333
Groute,USA,3,722.95800000000000000000
Groute,USA,4,725.07333333333333333333
Groute,USA,5,725.38933333333333333333
Groute,USA,6,746.43766666666666666666
Groute,USA,7,770.08966666666666666666
Groute,USA,8,791.39900000000000000000
Gunrock,kron21.sym,1,354.80770000000000000000
Gunrock,kron21.sym,2,222.79093333333333333333
Gunrock,kron21.sym,3,197.17126666666666666666
Gunrock,kron21.sym,4,189.13666666666666666666
Gunrock,kron21.sym,5,221.06670000000000000000
Gunrock,kron21.sym,6,211.45140000000000000000
Gunrock,kron21.sym,7,222.43466666666666666666
Gunrock,kron21.sym,8,209.82673333333333333333
Gunrock,OSM-eur-k,1,2602774.00000000000000000000
Gunrock,OSM-eur-k,2,932266.37500000000000000000
Gunrock,OSM-eur-k,3,920439.29166666666666666666
Gunrock,OSM-eur-k,4,831689.64583333333333333333
Gunrock,OSM-eur-k,5,756233.89583333333333333333
Gunrock,OSM-eur-k,6,850137.77083333333333333333
Gunrock,OSM-eur-k,7,729985.97916666666666666666
Gunrock,OSM-eur-k,8,525886.08333333333333333333
Gunrock,soc-LiveJournal1,1,84.20896666666666666666
Gunrock,soc-LiveJournal1,2,62.79423333333333333333
Gunrock,soc-LiveJournal1,3,57.32530000000000000000
Gunrock,soc-LiveJournal1,4,64.50556666666666666666
Gunrock,soc-LiveJournal1,5,74.57503333333333333333
Gunrock,soc-LiveJournal1,6,79.82740000000000000000
Gunrock,soc-LiveJournal1,7,86.75503333333333333333
Gunrock,soc-LiveJournal1,8,98.43406666666666666666
Gunrock,twitter,1,DIFF
Gunrock,twitter,2,DIFF
Gunrock,twitter,3,DIFF
Gunrock,twitter,4,DIFF
Gunrock,twitter,5,FAIL
Gunrock,twitter,6,1418.85326666666666666666
Gunrock,twitter,7,1205.03906666666666666666
Gunrock,twitter,8,1156.99703333333333333333
Gunrock,USA,1,107523.53906666666666666666
Gunrock,USA,2,88893.97396666666666666666
Gunrock,USA,3,78292.17970000000000000000
Gunrock,USA,4,71760.84376666666666666666
Gunrock,USA,5,68649.79686666666666666666
Gunrock,USA,6,66922.52863333333333333333
Gunrock,USA,7,59252.82683333333333333333
Gunrock,USA,8,57324.18620000000000000000
