Application,Graph,GPUs,Runtime (ms)
Groute,kron21.sym,1,37.82533333333333333333
Groute,kron21.sym,2,28.70366666666666666666
Groute,kron21.sym,3,22.17900000000000000000
Groute,kron21.sym,4,18.66866666666666666666
Groute,kron21.sym,5,18.00133333333333333333
Groute,kron21.sym,6,16.39500000000000000000
Groute,kron21.sym,7,13.64500000000000000000
Groute,kron21.sym,8,13.89266666666666666666
Groute,OSM-eur-k,1,220.03033333333333333333
Groute,OSM-eur-k,2,172.06333333333333333333
Groute,OSM-eur-k,3,170.85600000000000000000
Groute,OSM-eur-k,4,160.80666666666666666666
Groute,OSM-eur-k,5,186.02600000000000000000
Groute,OSM-eur-k,6,186.50900000000000000000
Groute,OSM-eur-k,7,188.51233333333333333333
Groute,OSM-eur-k,8,191.42533333333333333333
Groute,soc-LiveJournal1,1,25.89833333333333333333
Groute,soc-LiveJournal1,2,18.74200000000000000000
Groute,soc-LiveJournal1,3,19.83366666666666666666
Groute,soc-LiveJournal1,4,17.84133333333333333333
Groute,soc-LiveJournal1,5,16.16266666666666666666
Groute,soc-LiveJournal1,6,14.63533333333333333333
Groute,soc-LiveJournal1,7,16.34200000000000000000
Groute,soc-LiveJournal1,8,16.55533333333333333333
Groute,twitter,1,FAIL
Groute,twitter,2,FAIL
Groute,twitter,3,745.25200000000000000000
Groute,twitter,4,606.13633333333333333333
Groute,twitter,5,501.40633333333333333333
Groute,twitter,6,442.30566666666666666666
Groute,twitter,7,408.12500000000000000000
Groute,twitter,8,400.34900000000000000000
Groute,USA,1,30.56533333333333333333
Groute,USA,2,21.17800000000000000000
Groute,USA,3,16.59600000000000000000
Groute,USA,4,16.28100000000000000000
Groute,USA,5,15.57133333333333333333
Groute,USA,6,14.45433333333333333333
Groute,USA,7,16.25466666666666666666
Groute,USA,8,15.81900000000000000000
Gunrock,kron21.sym,1,DIFF
Gunrock,kron21.sym,2,DIFF
Gunrock,kron21.sym,3,DIFF
Gunrock,kron21.sym,4,DIFF
Gunrock,kron21.sym,5,DIFF
Gunrock,kron21.sym,6,DIFF
Gunrock,kron21.sym,7,DIFF
Gunrock,kron21.sym,8,DIFF
Gunrock,OSM-eur-k,1,FAIL
Gunrock,OSM-eur-k,2,FAIL
Gunrock,OSM-eur-k,3,FAIL
Gunrock,OSM-eur-k,4,FAIL
Gunrock,OSM-eur-k,5,FAIL
Gunrock,OSM-eur-k,6,FAIL
Gunrock,OSM-eur-k,7,FAIL
Gunrock,OSM-eur-k,8,FAIL
Gunrock,soc-LiveJournal1,1,85.53760000000000000000
Gunrock,soc-LiveJournal1,2,164.39493333333333333333
Gunrock,soc-LiveJournal1,3,143.54696666666666666666
Gunrock,soc-LiveJournal1,4,147.29363333333333333333
Gunrock,soc-LiveJournal1,5,161.99966666666666666666
Gunrock,soc-LiveJournal1,6,161.05303333333333333333
Gunrock,soc-LiveJournal1,7,173.96006666666666666666
Gunrock,soc-LiveJournal1,8,195.08196666666666666666
Gunrock,twitter,1,FAIL
Gunrock,twitter,2,FAIL
Gunrock,twitter,3,FAIL
Gunrock,twitter,4,FAIL
Gunrock,twitter,5,FAIL
Gunrock,twitter,6,FAIL
Gunrock,twitter,7,FAIL
Gunrock,twitter,8,FAIL
Gunrock,USA,1,248.09430000000000000000
Gunrock,USA,2,612.61170000000000000000
Gunrock,USA,3,716.38256666666666666666
Gunrock,USA,4,1045.58100000000000000000
Gunrock,USA,5,1283.78003333333333333333
Gunrock,USA,6,1505.64060000000000000000
Gunrock,USA,7,1833.17400000000000000000
Gunrock,USA,8,2122.49080000000000000000
